{
  "accuracy": [
    0.9404773116111755,
    0.9559016227722168,
    0.9597666263580322,
    0.9622828364372253,
    0.9642918705940247,
    0.9658184051513672,
    0.9671403169631958,
    0.9681841135025024,
    0.9692187905311584,
    0.9697734117507935,
    0.9702188372612,
    0.970715343952179
  ],
  "bndrs_f1": [
    0.903980016708374,
    0.9305092096328735,
    0.9362883567810059,
    0.9399561882019043,
    0.9429587125778198,
    0.9453269839286804,
    0.9473355412483215,
    0.9489501714706421,
    0.9505877494812012,
    0.9514691233634949,
    0.952125608921051,
    0.9529135227203369
  ],
  "bndrs_precision": [
    0.9005340337753296,
    0.9266993999481201,
    0.9329939484596252,
    0.937175989151001,
    0.9405837655067444,
    0.9432478547096252,
    0.9453653693199158,
    0.9472308158874512,
    0.9490649700164795,
    0.9500645399093628,
    0.9507961273193359,
    0.9516952037811279
  ],
  "bndrs_recall": [
    0.9074527025222778,
    0.9343506097793579,
    0.9396063089370728,
    0.9427530765533447,
    0.9453458189964294,
    0.9474153518676758,
    0.9493139982223511,
    0.9506757855415344,
    0.952115535736084,
    0.952877938747406,
    0.9534589052200317,
    0.9541351199150085
  ],
  "f1": [
    0.903980016708374,
    0.9305092096328735,
    0.9362883567810059,
    0.9399561882019043,
    0.9429587125778198,
    0.9453269839286804,
    0.9473355412483215,
    0.9489501714706421,
    0.9505877494812012,
    0.9514691233634949,
    0.952125608921051,
    0.9529135227203369
  ],
  "loss": [
    0.3324880003929138,
    0.16041721403598785,
    0.1346329003572464,
    0.1219407394528389,
    0.1129114180803299,
    0.10639671236276627,
    0.10082951933145523,
    0.09693863987922668,
    0.0929252877831459,
    0.09088233858346939,
    0.08912645280361176,
    0.08729411661624908
  ],
  "precision": [
    0.9005340337753296,
    0.9266993999481201,
    0.9329939484596252,
    0.937175989151001,
    0.9405837655067444,
    0.9432478547096252,
    0.9453653693199158,
    0.9472308158874512,
    0.9490649700164795,
    0.9500645399093628,
    0.9507961273193359,
    0.9516952037811279
  ],
  "recall": [
    0.9074527025222778,
    0.9343506097793579,
    0.9396063089370728,
    0.9427530765533447,
    0.9453458189964294,
    0.9474153518676758,
    0.9493139982223511,
    0.9506757855415344,
    0.952115535736084,
    0.952877938747406,
    0.9534589052200317,
    0.9541351199150085
  ],
  "sequence_accuracy": [
    0.5093684196472168,
    0.6163384914398193,
    0.6458626985549927,
    0.6649421453475952,
    0.6802085638046265,
    0.691342830657959,
    0.7014611959457397,
    0.7089829444885254,
    0.7173267006874084,
    0.721240222454071,
    0.7248877882957458,
    0.728940486907959
  ],
  "val_accuracy": [
    0.9648498296737671,
    0.9658879637718201,
    0.9661736488342285,
    0.9659120440483093,
    0.965914785861969,
    0.9655031561851501,
    0.9651128053665161,
    0.9647428393363953,
    0.9648220539093018,
    0.9646962285041809,
    0.9645739197731018,
    0.964632511138916
  ],
  "val_bndrs_f1": [
    0.9451600313186646,
    0.9464649558067322,
    0.9463461637496948,
    0.9457759857177734,
    0.9457559585571289,
    0.9449005722999573,
    0.9444353580474854,
    0.943661630153656,
    0.9438108205795288,
    0.943654477596283,
    0.943398654460907,
    0.9434891939163208
  ],
  "val_bndrs_precision": [
    0.9403150081634521,
    0.9416165947914124,
    0.9415240287780762,
    0.9410681128501892,
    0.941659152507782,
    0.943509578704834,
    0.9414631128311157,
    0.9439235329627991,
    0.9430594444274902,
    0.9428213238716125,
    0.9432942867279053,
    0.9428406357765198
  ],
  "val_bndrs_recall": [
    0.9500553607940674,
    0.9513635635375977,
    0.9512181282043457,
    0.9505313038825989,
    0.9498887062072754,
    0.9462959170341492,
    0.9474265575408936,
    0.943399965763092,
    0.9445635676383972,
    0.9444893598556519,
    0.9435031414031982,
    0.9441388249397278
  ],
  "val_f1": [
    0.9451600313186646,
    0.9464649558067322,
    0.9463461637496948,
    0.9457759857177734,
    0.9457559585571289,
    0.9449005722999573,
    0.9444353580474854,
    0.943661630153656,
    0.9438108205795288,
    0.943654477596283,
    0.943398654460907,
    0.9434891939163208
  ],
  "val_loss": [
    0.12238000333309174,
    0.10846573859453201,
    0.10436951369047165,
    0.10305174440145493,
    0.10320299118757248,
    0.10348037630319595,
    0.10488394647836685,
    0.10720523446798325,
    0.1083395853638649,
    0.10906785726547241,
    0.10983696579933167,
    0.11021073907613754
  ],
  "val_precision": [
    0.9403150081634521,
    0.9416165947914124,
    0.9415240287780762,
    0.9410681128501892,
    0.941659152507782,
    0.943509578704834,
    0.9414631128311157,
    0.9439235329627991,
    0.9430594444274902,
    0.9428213238716125,
    0.9432942867279053,
    0.9428406357765198
  ],
  "val_recall": [
    0.9500553607940674,
    0.9513635635375977,
    0.9512181282043457,
    0.9505313038825989,
    0.9498887062072754,
    0.9462959170341492,
    0.9474265575408936,
    0.943399965763092,
    0.9445635676383972,
    0.9444893598556519,
    0.9435031414031982,
    0.9441388249397278
  ],
  "val_sequence_accuracy": [
    0.718447744846344,
    0.7322590947151184,
    0.7385137677192688,
    0.7388421893119812,
    0.7377435564994812,
    0.7322911024093628,
    0.733462393283844,
    0.7279866337776184,
    0.7293265461921692,
    0.7303990125656128,
    0.7291027307510376,
    0.7295619249343872
  ],
  "learning_rate": [
    0.0005000000237487257,
    0.0005000000237487257,
    0.0005000000237487257,
    0.0005000000237487257,
    0.0005000000237487257,
    0.0005000000237487257,
    0.0005000000237487257,
    0.0005000000237487257,
    0.0002500000118743628,
    0.0002500000118743628,
    0.0002500000118743628,
    0.0002500000118743628
  ],
  "note": "",
  "batch_size": 2048,
  "seq_len": null,
  "optimizer_config": {
    "name": "loss_scale_optimizer",
    "inner_optimizer": {
      "module": "keras.src.backend.torch.optimizers.torch_adam",
      "class_name": "Adam",
      "config": {
        "name": "adam",
        "learning_rate": 0.0001250000059371814,
        "weight_decay": null,
        "clipnorm": null,
        "global_clipnorm": null,
        "clipvalue": null,
        "use_ema": false,
        "ema_momentum": 0.99,
        "ema_overwrite_frequency": null,
        "loss_scale_factor": null,
        "gradient_accumulation_steps": null,
        "beta_1": 0.9,
        "beta_2": 0.999,
        "epsilon": 1e-07,
        "amsgrad": false
      },
      "registered_name": "Adam"
    },
    "initial_scale": 32768.0,
    "dynamic_growth_steps": 2000
  },
  "loss_config": {
    "name": "weighted_sparse_categorical_crossentropy",
    "reduction": "mean"
  },
  "model_parameters": 686014,
  "train_dataset_size": 1373250,
  "val_dataset_size": 344072,
  "tokenizer_info": {
    "vocab_size": 56
  }
}